{
    " ": {
        "q": 0.022727272727272728,
        "b": 0.022727272727272728,
        "f": 0.022727272727272728,
        "j": 0.022727272727272728,
        "o": 0.022727272727272728,
        "t": 0.022727272727272728,
        "l": 0.022727272727272728,
        "d": 0.022727272727272728
    },
    ".": {
        "\n": 0.022727272727272728
    },
    "a": {
        "z": 0.022727272727272728
    },
    "b": {
        "r": 0.022727272727272728
    },
    "c": {
        "k": 0.022727272727272728
    },
    "d": {
        "o": 0.022727272727272728
    },
    "e": {
        " ": 0.045454545454545456,
        "r": 0.022727272727272728
    },
    "f": {
        "o": 0.022727272727272728
    },
    "g": {
        ".": 0.022727272727272728
    },
    "h": {
        "e": 0.045454545454545456
    },
    "i": {
        "c": 0.022727272727272728
    },
    "j": {
        "u": 0.022727272727272728
    },
    "k": {
        " ": 0.022727272727272728
    },
    "l": {
        "a": 0.022727272727272728
    },
    "m": {
        "p": 0.022727272727272728
    },
    "n": {
        " ": 0.022727272727272728
    },
    "o": {
        "w": 0.022727272727272728,
        "x": 0.022727272727272728,
        "v": 0.022727272727272728,
        "g": 0.022727272727272728
    },
    "p": {
        "s": 0.022727272727272728
    },
    "q": {
        "u": 0.022727272727272728
    },
    "r": {
        "o": 0.022727272727272728,
        " ": 0.022727272727272728
    },
    "s": {
        " ": 0.022727272727272728
    },
    "t": {
        "h": 0.045454545454545456
    },
    "u": {
        "i": 0.022727272727272728,
        "m": 0.022727272727272728
    },
    "v": {
        "e": 0.022727272727272728
    },
    "w": {
        "n": 0.022727272727272728
    },
    "x": {
        " ": 0.022727272727272728
    },
    "y": {
        " ": 0.022727272727272728
    },
    "z": {
        "y": 0.022727272727272728
    }
}
